{
  "pseudotime_min": -1.106214165687561,
  "pseudotime_max": 2.2479546070098877,
  "pseudotime_bact_rho": 0.10414022084629647
}